dose_gy,volume_fraction_ge
16.113653675277604,1.0
16.122270794380228,0.9986807387862797
16.126220307302262,0.9963720316622692
16.131965053370678,0.996042216358839
16.134119333146334,0.9950527704485488
16.13735075280982,0.9927440633245382
16.137709799439094,0.9924142480211082
16.1481221516881,0.991754617414248
16.149917384834477,0.9910949868073878
16.150276431463755,0.9901055408970977
16.1750506488838,0.9868073878627969
16.1840268146157,0.9848284960422163
16.187976327537736,0.9825197889182058
16.19120774720122,0.9815303430079155
16.198747726416016,0.9808707124010554
16.200902006191672,0.979221635883905
16.209519125294296,0.9779023746701847
16.215263871362712,0.9769129287598944
16.215981964621264,0.9765831134564644
16.232139062938682,0.9759234828496042
16.232857156197234,0.975263852242744
16.245064741592618,0.9742744063324539
16.248655207885378,0.9736147757255936
16.251527580919586,0.9729551451187335
16.257272326988,0.9719656992084432
16.262298979797865,0.9716358839050132
16.26373516631497,0.9689973614775725
16.267684679237007,0.9650395778364116
16.270557052271215,0.9647097625329816
16.274147518563975,0.9643799472295514
16.275942751710357,0.9630606860158312
16.278815124744565,0.962730870712401
16.29461317643271,0.962401055408971
16.29784459609619,0.9617414248021108
16.302153155647503,0.9614116094986808
16.314360741042886,0.9600923482849604
16.315437880930716,0.9558047493403694
16.317951207335646,0.9551451187335093
16.319028347223476,0.954155672823219
16.321541673628406,0.9528364116094987
16.326927373067548,0.9515171503957783
16.328722606213926,0.950197889182058
16.33015879273103,0.9495382585751979
16.336262585428724,0.9488786279683378
16.33733972531655,0.9482189973614775
16.343802564643518,0.9472295514511874
16.354573963521798,0.945580474934037
16.36965392195139,0.9436015831134564
16.37791199442474,0.9432717678100264
16.37863008768329,0.9426121372031663
16.378989134312565,0.9399736147757256
16.3815024607175,0.9396437994722955
16.393710046112883,0.9393139841688655
16.397300512405643,0.9386543535620053
16.39765955903492,0.9379947229551451
16.398736698922747,0.9376649076517151
16.401609071956955,0.9373350923482849
16.401968118586232,0.9363456464379947
16.405199538249715,0.9360158311345647
16.406276678137544,0.9356860158311345
16.40663572476682,0.9353562005277045
16.412380470835235,0.9350263852242744
16.421356636567136,0.9346965699208444
16.423869962972066,0.9340369393139841
16.429255662411208,0.933047493403694
16.43176898881614,0.9327176781002638
16.432128035445416,0.9323878627968337
16.434282315221072,0.9320580474934037
16.43607754836745,0.9310686015831134
16.436795641626002,0.9300791556728232
16.44074515454804,0.9274406332453826
16.441104201177314,0.9271108179419525
16.441822294435866,0.9267810026385225
16.442540387694418,0.9264511873350924
16.445053714099352,0.924802110817942
16.446130853987178,0.9244722955145118
16.44864418039211,0.9234828496042217
16.449721320279938,0.9228232189973615
16.45223464668487,0.9224934036939314
16.452952739943424,0.9205145118733509
16.45402987983125,0.9201846965699209
16.455466066348354,0.9198548812664907
16.457979392753288,0.9191952506596306
16.459056532641114,0.9185356200527705
16.46121081241677,0.9175461741424802
16.46192890567532,0.9149076517150396
16.464083185450978,0.9145778364116095
16.46910983826084,0.9142480211081794
16.471264118036498,0.9129287598944591
16.47305935118288,0.912598944591029
16.474136491070706,0.9046833773087071
16.47629077084636,0.9040237467018469
16.477008864104913,0.9027044854881267
16.477726957363465,0.9020448548812665
16.478086003992743,0.9013852242744064
16.47916314388057,0.8987467018469657
16.4802402837684,0.896108179419525
16.48095837702695,0.8937994722955145
16.483112656802607,0.8928100263852242
16.48347170343188,0.8878627968337731
16.48454884331971,0.8858839050131926
16.485625983207537,0.8855540897097626
16.485985029836815,0.8852242744063324
16.48634407646609,0.883245382585752
16.487780262983193,0.8815963060686016
16.48813930961247,0.8809366754617414
16.48993454275885,0.8796174142480211
16.490293589388127,0.8773087071240105
16.49172977590523,0.8766490765171504
16.494961195568717,0.8753298153034301
16.49567928882727,0.8746701846965699
16.496756428715095,0.8743403693931399
16.49926975512003,0.8713720316622692
16.499628801749303,0.866754617414248
16.500346895007855,0.866424802110818
16.500705941637133,0.8660949868073878
16.501424034895685,0.8657651715039578
16.50250117478351,0.8601583113456465
16.503937361300615,0.8591688654353562
16.504655454559167,0.8581794195250659
16.50537354781772,0.8575197889182058
16.505732594446997,0.8565303430079155
16.50609164107627,0.8552110817941952
16.506809734334823,0.853891820580475
16.508245920851927,0.8519129287598944
16.50896401411048,0.8492744063324539
16.510400200627583,0.8456464379947229
16.511836387144687,0.8430079155672823
16.512195433773964,0.8420184696569921
16.513990666920343,0.8410290237467019
16.51434971354962,0.8400395778364116
16.515067806808172,0.8387203166226913
16.515426853437447,0.837730870712401
16.515785900066724,0.8367414248021108
16.516144946696,0.8324538258575198
16.516503993325276,0.8294854881266491
16.517581133213103,0.829155672823219
16.518658273100932,0.8281662269129287
16.519017319730207,0.8278364116094987
16.521889692764415,0.8268469656992085
16.52332587928152,0.8255277044854882
16.52404397254007,0.825197889182058
16.52440301916935,0.8235488126649076
16.524762065798623,0.8225593667546174
16.525480159057174,0.8222295514511874
16.525839205686452,0.8218997361477572
16.52691634557428,0.816622691292876
16.52763443883283,0.8149736147757256
16.52799348546211,0.8146437994722955
16.528352532091382,0.8129947229551451
16.52871157872066,0.808377308707124
16.529070625349934,0.8067282321899736
16.529429671979212,0.8057387862796834
16.529788718608486,0.8054089709762533
16.530147765237764,0.804089709762533
16.531583951754868,0.8024406332453826
16.531942998384142,0.7988126649076517
16.532661091642694,0.7978232189973615
16.533020138271972,0.7971635883905013
16.534456324789076,0.7968337730870713
16.53481537141835,0.7965039577836411
16.535174418047628,0.7938654353562006
16.53589251130618,0.7928759894459103
16.536969651194006,0.7912269129287599
16.53840583771111,0.7899076517150396
16.538764884340388,0.7882585751978892
16.53948297759894,0.7879287598944591
16.540560117486766,0.7866094986807388
16.54127821074532,0.7859498680738787
16.541637257374596,0.7849604221635884
16.542355350633148,0.783641160949868
16.542714397262422,0.7796833773087071
16.5430734438917,0.7780343007915568
16.543432490520974,0.7773746701846965
16.545227723667356,0.7763852242744064
16.54558677029663,0.7757255936675461
16.547022956813734,0.7740765171503958
16.547741050072286,0.7701187335092349
16.548459143330838,0.7697889182058048
16.549536283218668,0.7671503957783641
16.55025437647722,0.7645118733509235
16.551690562994324,0.7631926121372031
16.554921982657806,0.762532981530343
16.555999122545636,0.7612137203166227
16.55635816917491,0.7608839050131926
16.55743530906274,0.7605540897097626
16.558512448950566,0.7592348284960422
16.560307682096948,0.7552770448548812
16.560666728726222,0.7529683377308707
16.5610257753555,0.7526385224274407
16.561384821984774,0.7516490765171504
16.562102915243326,0.7371372031662269
16.562461961872604,0.7338390501319261
16.562821008501878,0.7318601583113457
16.563898148389708,0.724934036939314
16.56461624164826,0.7226253298153035
16.56533433490681,0.7222955145118733
16.565693381536086,0.7213060686015831
16.566411474794638,0.7199868073878628
16.56712956805319,0.7189973614775725
16.569283847828846,0.7183377308707124
16.569642894458124,0.7176781002638523
16.570001941087398,0.712401055408971
16.570360987716676,0.7100923482849604
16.571079080975228,0.7091029023746702
16.57251526749233,0.7067941952506597
16.572874314121606,0.7051451187335093
16.573233360750883,0.7038258575197889
16.573951454009435,0.7015171503957783
16.57431050063871,0.700197889182058
16.574669547267987,0.6978891820580475
16.57502859389726,0.6962401055408971
16.57538764052654,0.6949208443271768
16.576823827043643,0.6945910290237467
16.577182873672918,0.6876649076517151
16.578260013560747,0.6840369393139841
16.57861906019002,0.683047493403694
16.580773339965678,0.679419525065963
16.581132386594955,0.6771108179419525
16.58149143322423,0.6767810026385225
16.581850479853507,0.6764511873350924
16.58328666637061,0.6734828496042217
16.584004759629163,0.6728232189973615
16.584363806258438,0.6701846965699209
16.584722852887715,0.6685356200527705
16.58579999277554,0.6675461741424802
16.58615903940482,0.6662269129287599
16.586518086034093,0.6573218997361477
16.587595225921923,0.6569920844327177
16.588313319180475,0.6546833773087071
16.590108552326853,0.6543535620052771
16.59046759895613,0.6540237467018469
16.590826645585405,0.6536939313984169
16.591544738843957,0.6520448548812665
16.59226283210251,0.6467678100263852
16.59333997199034,0.646108179419525
16.593699018619613,0.6444591029023746
16.59405806524889,0.6434696569920845
16.594417111878165,0.6424802110817942
16.594776158507443,0.6401715039577837
16.596212345024547,0.6395118733509235
16.59657139165382,0.6381926121372031
16.5969304382831,0.6365435356200527
16.598366624800203,0.6352242744063324
16.598725671429477,0.6345646437994723
16.599084718058755,0.6325857519788918
16.59944376468803,0.6273087071240105
16.599802811317307,0.6240105540897097
16.60052090457586,0.6200527704485488
16.60123899783441,0.6190633245382586
16.601598044463685,0.6184036939313984
16.602675184351515,0.616424802110818
16.603752324239345,0.6121372031662269
16.60411137086862,0.6088390501319261
16.604470417497897,0.6078496042216359
16.60518851075645,0.6029023746701847
16.606265650644275,0.5976253298153035
16.607342790532105,0.5972955145118733
16.60770183716138,0.5963060686015831
16.60841993041993,0.5946569920844327
16.60877897704921,0.5910290237467019
16.609856116937035,0.5900395778364116
16.610215163566313,0.5893799472295514
16.610574210195587,0.5883905013192612
16.61201039671269,0.587730870712401
16.61308753660052,0.5867414248021108
16.613805629859073,0.5850923482849604
16.614164676488347,0.5837730870712401
16.6148827697469,0.5817941952506597
16.615241816376177,0.5814643799472295
16.61667800289328,0.579155672823219
16.618832282668937,0.5778364116094987
16.619909422556763,0.5768469656992085
16.62026846918604,0.5738786279683378
16.620986562444592,0.570910290237467
16.621345609073867,0.5653034300791556
16.62206370233242,0.5643139841688655
16.622422748961696,0.5626649076517151
16.62314084222025,0.5623350923482849
16.623499888849523,0.5616754617414248
16.6238589354788,0.5610158311345647
16.624217982108075,0.5563984168865436
16.624577028737352,0.5550791556728232
16.625295121995904,0.5547493403693932
16.62673130851301,0.5524406332453826
16.627090355142283,0.5517810026385225
16.62744940177156,0.5514511873350924
16.63032177480577,0.5504617414248021
16.632117007952147,0.549802110817942
16.6328351012107,0.5491424802110818
16.63355319446925,0.5474934036939314
16.63391224109853,0.5468337730870713
16.634271287727803,0.5445250659630607
16.636066520874184,0.5441952506596306
16.636784614132736,0.5422163588390502
16.63714366076201,0.54188654353562
16.63750270739129,0.5412269129287599
16.637861754020562,0.5395778364116095
16.638579847279114,0.5392480211081794
16.64073412705477,0.5362796833773087
16.641093173684048,0.5352902374670184
16.642529360201152,0.5346306068601583
16.642888406830426,0.5303430079155673
16.64360650008898,0.5300131926121372
16.64432459334753,0.5257255936675461
16.644683639976808,0.524736147757256
16.646478873123186,0.5240765171503958
16.646837919752464,0.520778364116095
16.64719696638174,0.5194591029023746
16.647556013011016,0.5191292875989446
16.64791505964029,0.5184696569920845
16.650069339415946,0.5178100263852242
16.650428386045224,0.5164907651715039
16.65150552593305,0.5131926121372031
16.651864572562328,0.512532981530343
16.65258266582088,0.508245382585752
16.652941712450154,0.5065963060686016
16.653300759079432,0.5019788918205804
16.654018852337984,0.5016490765171504
16.65509599222581,0.5
16.655455038855088,0.49934036939313986
16.655814085484362,0.4983509234828496
16.65617313211364,0.4963720316622691
16.657250272001466,0.49505277044854884
16.657968365260018,0.49340369393139843
16.659404551777122,0.49076517150395776
16.6597635984064,0.4894459102902375
16.660122645035674,0.4841688654353562
16.660481691664952,0.48383905013192613
16.660840738294226,0.4825197889182058
16.661558831552778,0.4812005277044855
16.661917878182056,0.4795514511873351
16.662635971440608,0.47922163588390504
16.662995018069882,0.47856200527704484
16.66335406469916,0.47757255936675463
16.664072157957712,0.47658311345646437
16.664790251216264,0.4752638522427441
16.666585484362642,0.4736147757255937
16.667303577621194,0.47229551451187335
16.670894043913954,0.4699868073878628
16.671612137172506,0.46932717678100266
16.671971183801784,0.46899736147757254
16.672330230431058,0.46800791556728233
16.672689277060336,0.4656992084432718
16.67304832368961,0.4637203166226913
16.673407370318888,0.46141160949868076
16.673766416948162,0.46075197889182057
16.67412546357744,0.4567941952506596
16.674484510206714,0.45646437994722955
16.676279743353096,0.4551451187335092
16.678074976499474,0.45283641160949867
16.67843402312875,0.44426121372031663
16.678793069758026,0.4383245382585752
16.679152116387304,0.43766490765171506
16.680588302904408,0.43733509234828494
16.68094734953368,0.4363456464379947
16.68130639616296,0.4346965699208443
16.68202448942151,0.43436675461741425
16.682742582680063,0.4323878627968338
16.683460675938615,0.4320580474934037
16.684178769197167,0.43172823218997364
16.685255909084994,0.4287598944591029
16.68561495571427,0.4267810026385224
16.686333048972823,0.4254617414248021
16.687051142231375,0.42315303430079154
16.68741018886065,0.42117414248021107
16.6881282821192,0.4178759894459103
16.690282561894858,0.4175461741424802
16.694232074816895,0.4129287598944591
16.69459112144617,0.412598944591029
16.69530921470472,0.41160949868073876
16.69818158773893,0.4112796833773087
16.69889968099748,0.41062005277044855
16.69997682088531,0.4093007915567282
16.701413007402415,0.40897097625329815
16.70249014729024,0.3997361477572559
16.70284919391952,0.3987467018469657
16.704644427065897,0.3954485488126649
16.70536252032445,0.3944591029023747
16.706080613583,0.3908311345646438
16.70715775347083,0.3839050131926121
16.707516800100105,0.38060686015831136
16.707875846729383,0.37994722955145116
16.708593939987935,0.375
16.709312033246487,0.37104221635883905
16.70967107987576,0.370712401055409
16.71074821976359,0.3687335092348285
16.711107266392865,0.36807387862796836
16.711466313022143,0.36675461741424803
16.712184406280695,0.3660949868073879
16.713261546168525,0.3654353562005277
16.7136205927978,0.36477572559366755
16.713979639427077,0.36312664907651715
16.715056779314903,0.36147757255936674
16.716492965832007,0.3608179419525066
16.71721105909056,0.36015831134564646
16.718647245607663,0.3562005277044855
16.72080152538332,0.3545514511873351
16.721160572012597,0.35422163588390504
16.72151961864187,0.3538918205804749
16.724751038305357,0.35356200527704484
16.72511008493463,0.35257255936675463
16.72618722482246,0.3496042216358839
16.727623411339565,0.3492744063324538
16.728341504598117,0.34894459102902375
16.72905959785667,0.3486147757255937
16.730136737744495,0.34729551451187335
16.730495784373772,0.34465699208443273
16.73265006414943,0.34366754617414247
16.737676716959292,0.3423482849604222
16.738035763588567,0.34201846965699206
16.738394810217844,0.341688654353562
16.73875385684712,0.3406992084432718
16.741985276510604,0.3327836411609499
16.74234432313988,0.3321240105540897
16.742703369769156,0.3301451187335092
16.74306241639843,0.32816622691292874
16.74413955628626,0.3242084432717678
16.744857649544812,0.3238786279683377
16.745575742803364,0.32058047493403696
16.747370975949742,0.31893139841688656
16.748089069208294,0.3113456464379947
16.748807162466846,0.31101583113456466
16.7495252557254,0.30936675461741425
16.749884302354676,0.3073878627968338
16.750961442242502,0.3054089709762533
16.75311572201816,0.30408970976253297
16.753474768647436,0.30310026385224276
16.75383381527671,0.30244063324538256
16.75491095516454,0.3021108179419525
16.755270001793814,0.29980211081794195
16.755988095052366,0.2991424802110818
16.756347141681644,0.29782321899736147
16.757065234940196,0.2974934036939314
16.75742428156947,0.29683377308707126
16.757783328198748,0.295844327176781
16.7585014214573,0.29353562005277045
16.758860468086574,0.2928759894459103
16.759578561345126,0.2922163588390501
16.759937607974404,0.2912269129287599
16.76029665460368,0.29023746701846964
16.76101474786223,0.2895778364116095
16.763169027637886,0.28891820580474936
16.763887120896438,0.2852902374670185
16.766041400672094,0.2846306068601583
16.767118540559924,0.2843007915567282
16.767836633818476,0.2836411609498681
16.768554727077028,0.28298153034300794
16.769631866964854,0.2826517150395778
16.770709006852684,0.279023746701847
16.771068053481958,0.27770448548812665
16.773222333257614,0.2757255936675462
16.773940426516166,0.2753957783641161
16.77537661303327,0.27440633245382584
16.776094706291822,0.27275725593667544
16.7764537529211,0.2717678100263852
16.77717184617965,0.27077836411609496
16.778608032696756,0.2704485488126649
16.779685172584582,0.2701187335092348
16.78076231247241,0.2691292875989446
16.781480405730964,0.2641820580474934
16.781839452360238,0.26286279683377306
16.782916592248068,0.2622031662269129
16.785788965282276,0.26187335092348285
16.78614801191155,0.2615435356200528
16.786507058540828,0.2612137203166227
16.78722515179938,0.2605540897097625
16.78794324505793,0.25857519788918204
16.788302291687206,0.25824538258575197
16.788661338316484,0.25
16.78973847820431,0.24967018469656993
16.79081561809214,0.24901055408970976
16.791174664721414,0.24736147757255936
16.79153371135069,0.2470316622691293
16.792969897867795,0.24571240105540898
16.79512417764345,0.24538258575197888
16.797278457419107,0.2434036939313984
16.79763750404838,0.24274406332453827
16.800868923711867,0.23977572559366755
16.80122797034114,0.23449868073878627
16.80158701697042,0.23350923482849603
16.801946063599694,0.23054089709762532
16.80230511022897,0.22889182058047494
16.803382250116798,0.2279023746701847
16.80410034337535,0.2275725593667546
16.804459390004627,0.22724274406332454
16.80517748326318,0.22658311345646437
16.805536529892454,0.21306068601583114
16.80589557652173,0.21108179419525067
16.806254623151005,0.20943271767810026
16.80769080966811,0.20679419525065962
16.809845089443765,0.20613456464379948
16.8123584158487,0.20184696569920843
16.81307650910725,0.19986807387862796
16.813435555736525,0.19887862796833772
16.813794602365803,0.19722955145118734
16.81594888214146,0.19689973614775724
16.817744115287837,0.1962401055408971
16.819898395063493,0.19525065963060687
16.82025744169277,0.19228232189973615
16.821334581580597,0.18997361477572558
16.82205267483915,0.1896437994722955
16.822411721468427,0.1883245382585752
16.8227707680977,0.18766490765171503
16.824566001244083,0.18502638522427442
16.82492504787336,0.18403693931398418
16.825284094502635,0.18370712401055408
16.82672028101974,0.18337730870712401
16.836055493380915,0.18304749340369394
16.840005006302952,0.18007915567282323
16.84215928607861,0.17974934036939313
16.843236425966435,0.17546174142480211
16.843954519224987,0.17513192612137204
16.84467261248354,0.17447229551451188
16.8482630787763,0.17183377308707123
16.84898117203485,0.16754617414248021
16.85005831192268,0.16721635883905014
16.851135451810507,0.16688654353562005
16.85257163832761,0.16424802110817943
16.85616210462037,0.1629287598944591
16.857598291137474,0.15699208443271767
16.858675431025304,0.15633245382585753
16.860111617542408,0.15600263852242743
16.863702083835168,0.15567282321899736
16.865138270352272,0.1553430079155673
16.868728736645032,0.15402374670184696
16.870883016420688,0.1470976253298153
16.871242063049962,0.14511873350923482
16.873037296196344,0.14281002638522428
16.873396342825618,0.1424802110817942
16.87411443608417,0.1408311345646438
16.875550622601274,0.13984168865435356
16.875909669230552,0.1395118733509235
16.879859182152586,0.13885224274406333
16.880936322040416,0.13654353562005278
16.883090601816072,0.13555408970976254
16.885244881591728,0.13489445910290238
16.888117254625936,0.1345646437994723
16.891707720918696,0.13357519788918207
16.89206676754797,0.13324538258575197
16.893502954065074,0.1329155672823219
16.894221047323626,0.13225593667546173
16.89673437372856,0.13192612137203166
16.897811513616386,0.13093667546174143
16.901761026538423,0.13027704485488126
16.904992446201906,0.1299472295514512
16.905351492831183,0.12961741424802112
16.90642863271901,0.1279683377308707
16.91001909901177,0.1266490765171504
16.919713358002223,0.1263192612137203
16.920431451260775,0.12467018469656992
16.923662870924257,0.12434036939313985
16.92617619732919,0.12401055408970976
16.926535243958465,0.12137203166226913
16.931920943397607,0.12104221635883905
16.935511409690367,0.11972295514511873
16.939101875983127,0.11939313984168866
16.939460922612405,0.11840369393139842
16.94161520238806,0.11741424802110818
16.94520566868082,0.11675461741424802
16.945564715310095,0.11609498680738786
16.9470009018272,0.11576517150395778
16.949514228232132,0.11543535620052771
16.95130946137851,0.11477572559366754
16.95525897430055,0.112467018469657
16.956336114188375,0.11180738786279683
16.95777230070548,0.10817941952506596
16.958131347334756,0.10653034300791557
16.960285627110412,0.1058707124010554
16.961003720368964,0.10488126649076517
16.96136276699824,0.10356200527704486
16.967825606325206,0.10224274406332454
16.96854369958376,0.10059366754617415
16.96926179284231,0.09960422163588391
16.971416072617966,0.09861477572559367
16.973211305764348,0.09564643799472296
16.974647492281452,0.09531662269129287
16.97572463216928,0.09498680738786279
16.976083678798556,0.09234828496042216
16.976801772057108,0.09168865435356201
16.977160818686382,0.08937994722955145
16.978597005203486,0.08839050131926121
16.97931509846204,0.08773087071240106
16.982187471496246,0.0870712401055409
16.982905564754798,0.08575197889182058
16.983264611384076,0.08509234828496043
16.983982704642628,0.08476253298153034
16.98470079790118,0.08443271767810026
16.98829126419394,0.08410290237467019
16.989368404081766,0.08278364116094987
16.9918817304867,0.08212401055408972
16.993676963633078,0.07948548812664907
16.99439505689163,0.079155672823219
16.994754103520908,0.07882585751978892
16.996549336667286,0.07849604221635884
17.000857896218598,0.07816622691292877
17.001216942847876,0.07717678100263853
17.002294082735702,0.07420844327176782
17.004448362511358,0.07387862796833773
17.005884549028462,0.0728891820580475
17.00947501532122,0.07189973614775726
17.011270248467603,0.07156992084432717
17.019169274311675,0.0712401055408971
17.019887367570227,0.06992084432717678
17.02383688049226,0.06827176781002639
17.02491402038009,0.06728232189973615
17.025273067009365,0.06662269129287599
17.025991160267917,0.06563324538258575
17.031735906336333,0.06431398416886544
17.032813046224163,0.06299472295514512
17.034249232741267,0.06266490765171503
17.035326372629093,0.06233509234828496
17.03568541925837,0.05573878627968338
17.040712072068235,0.055408970976253295
17.04107111869751,0.05474934036939314
17.043584445102443,0.05310026385224274
17.04394349173172,0.052110817941952506
17.04645681813665,0.05079155672823219
17.04681586476593,0.049802110817941954
17.047893004653755,0.04947229551451187
17.048970144541585,0.047493403693931395
17.05040633105869,0.04716358839050132
17.052560610834345,0.046503957783641164
17.055432983868553,0.04617414248021108
17.05758726364421,0.04518469656992084
17.058664403532035,0.04452506596306069
17.059023450161312,0.04320580474934037
17.061536776566243,0.04287598944591029
17.06548628948828,0.042546174142480214
17.067640569263936,0.04221635883905013
17.06835866252249,0.040897097625329816
17.069435802410315,0.04056728232189974
17.076616734995834,0.037598944591029027
17.082720527693528,0.036939313984168866
17.083797667581354,0.03594986807387863
17.085592900727736,0.03562005277044855
17.087747180503392,0.03496042216358839
17.088106227132666,0.033641160949868076
17.094569066459634,0.03265171503957784
17.095287159718186,0.030013192612137203
17.099236672640224,0.029683377308707123
17.102109045674432,0.028693931398416885
17.11575281758692,0.02836411609498681
17.124728983318818,0.025065963060686015
17.136577522084927,0.024406332453825858
17.139090848489857,0.022757255936675463
17.14052703500696,0.020118733509234828
17.141245128265513,0.01912928759894459
17.14160417489479,0.018469656992084433
17.144476547929,0.016820580474934038
17.148426060851033,0.016490765171503958
17.153811760290175,0.01550131926121372
17.15596604006583,0.014841688654353561
17.15883841310004,0.014511873350923483
17.17068695186615,0.013852242744063324
17.17391837152963,0.013522427440633245
17.17679074456384,0.013192612137203167
17.178945024339495,0.012203166226912929
17.18109930411515,0.011213720316622692
17.183253583890806,0.010883905013192613
17.186844050183566,0.010224274406332454
17.188998329959222,0.009234828496042216
17.192229749622708,0.008905013192612138
17.192588796251982,0.008575197889182058
17.196897355803294,0.0079155672823219
17.205514474905918,0.007585751978891821
17.231006785584515,0.004947229551451188
17.235315345135827,0.004617414248021108
17.252549583341075,0.0036279683377308707
17.2536267232289,0.0032981530343007917
17.27732380076112,0.002968337730870712
17.30066183166406,0.002638522427440633
17.326872235601208,0.002308707124010554
17.329026515376864,0.001978891820580475
17.33369412155745,0.0016490765171503958
17.371753064260705,0.0013192612137203166
17.56707443058685,0.0006596306068601583
18.001879898640087,0.00032981530343007914
