relative_path;date;year;series_id;family;regimen_gy;dose_sum_gy;dose2_sum_gy2;n_animals;control_file;control_match;nearest_control;nearest_control_gap_days;duplicate_of;data_quality_note;included_analysis;included_strict;exclusion_reason;sf_eff;sf_time_day;sf_se;sf_ci_low;sf_ci_high;sf_bootstrap_success;aligned_time_points
02.02.2023_n_12.xlsx;2023-02-02;2023;2023-02-02;n;12;12.0;144.0;7;control_17.11.2025.xlsx;nearest_available_proxy;control_17.11.2025.xlsx;1019;;nearest_date_proxy_control;1;0;;0.1569326131722138;20.0;0.05682612810272524;0.06603870825855622;0.2847475083711988;500;10
02.02.2023_n_18.xlsx;2023-02-02;2023;2023-02-02;n;18;18.0;324.0;8;control_17.11.2025.xlsx;nearest_available_proxy;control_17.11.2025.xlsx;1019;;nearest_date_proxy_control;1;0;;0.08983111213575118;21.0;0.020839815179431176;0.04640938118346229;0.12376804855706992;500;11
02.06.2025_e_40.xlsx;2025-06-02;2025;2025-06-02;e;40;40.0;1600.0;8;control_17.11.2025.xlsx;nearest_available_proxy;control_17.11.2025.xlsx;168;;nearest_date_proxy_control;1;0;;0.051492316944909876;25.0;0.013332293026389596;0.02773948199715556;0.0785325326047832;500;11
02.06.2025_y_45.xlsx;2025-06-02;2025;2025-06-02;y;45;45.0;2025.0;8;control_17.11.2025.xlsx;nearest_available_proxy;control_17.11.2025.xlsx;168;;nearest_date_proxy_control;1;0;;0.009975069253427922;14.0;0.0034088382771248794;0.003992181419098264;0.017289623808685817;500;11
02.07.2025_y5_y5_y36.xlsx;2025-07-02;2025;2025-07-02;y;5+5+36;46.0;1346.0;8;control_17.11.2025.xlsx;nearest_available_proxy;control_17.11.2025.xlsx;138;;nearest_date_proxy_control;1;0;;0.030501224899775282;14.0;0.007065317102010195;0.017810592707807573;0.04456510664160369;500;11
04.06.2025_e_45.xlsx;2025-06-04;2025;2025-06-04;e;45;45.0;2025.0;8;control_17.11.2025.xlsx;nearest_available_proxy;control_17.11.2025.xlsx;166;;nearest_date_proxy_control;1;0;;0.016677742348630516;16.0;0.004658360180347588;0.00782912782957885;0.025642756617681298;500;11
05.12.2018_c_12.xlsx;2018-12-05;2018;2018-12-05;c;12;12.0;144.0;9;control_16.05.2018.xlsx;nearest_available_proxy;control_16.05.2018.xlsx;203;;nearest_date_proxy_control;1;0;;0.10924901633537025;20.0;0.01415522326908221;0.08303945673824517;0.13697625435299324;500;10
07.04.2025_e45.xlsx;2025-04-07;2025;2025-04-07;e;45;45.0;2025.0;8;control_17.11.2025.xlsx;nearest_available_proxy;control_17.11.2025.xlsx;224;;nearest_date_proxy_control;1;0;;0.022111820731559432;14.0;0.006176835792934399;0.01135443003309608;0.03482416052748125;500;11
08.10.2021_p_32.xlsx;2021-10-08;2021;2021-10-08;p_through;32;32.0;1024.0;7;control_16.05.2018.xlsx;nearest_available_proxy;control_16.05.2018.xlsx;1241;;nearest_date_proxy_control;1;0;;0.16098126530148324;15.0;0.021794381624399808;0.11615881654380811;0.20084593761709907;500;8
08.10.2021_p_32_прострел.xlsx;2021-10-08;2021;2021-10-08;p_through;32;32.0;1024.0;7;control_16.05.2018.xlsx;nearest_available_proxy;control_16.05.2018.xlsx;1241;;nearest_date_proxy_control;1;0;;0.1629776353629813;15.0;0.02332923858859357;0.11691336512998597;0.20349514996738627;500;8
08.11.2023_y_32.xlsx;2023-11-08;2023;2023-11-08;y;32;32.0;1024.0;8;control_17.11.2025.xlsx;nearest_available_proxy;control_17.11.2025.xlsx;740;;nearest_date_proxy_control;1;0;;0.09384815607930816;16.0;0.01749552941266883;0.06302991535512187;0.12910527486897466;500;11
08.11.2023_y_36.xlsx;2023-11-08;2023;2023-11-08;y;36;36.0;1296.0;6;control_17.11.2025.xlsx;nearest_available_proxy;control_17.11.2025.xlsx;740;;nearest_date_proxy_control;1;0;;0.09054568254322941;11.0;0.015178558310645603;0.061813681048286134;0.11920572548467928;500;11
10.12.2014_с_12.xlsx;2014-12-10;2014;2014-12-10;c;34;34.0;1156.0;9;control_13.01.2016.xlsx;nearest_available_proxy;control_13.01.2016.xlsx;399;;nearest_date_proxy_control;1;0;;0.12887962096309652;19.0;0.06734727749613974;0.022043727009458388;0.260670188751447;500;8
11.01.2024_y_40.xlsx;2024-01-11;2024;2024-01-11;y;40;40.0;1600.0;8;control_17.11.2025.xlsx;nearest_available_proxy;control_17.11.2025.xlsx;676;;nearest_date_proxy_control;1;0;;0.025752496334668994;15.0;0.0070437614784264;0.0138098087187049;0.04056242698166469;500;10
11.04.2016_y_32.xlsx;2016-04-11;2016;2016-04-11;y;32;32.0;1024.0;6;control_11.04.2016_c12.xlsx;same_date;control_11.04.2016_c12.xlsx;0;;;1;1;;0.03551689276010751;16.0;0.006953790675733652;0.023465952438700487;0.04918701706415281;500;11
11.04.2025_y4_y4_y32.xlsx;2025-04-11;2025;2025-04-11;y;4+4+32;40.0;1056.0;5;control_17.11.2025.xlsx;nearest_available_proxy;control_17.11.2025.xlsx;220;;nearest_date_proxy_control;1;0;;0.07649239680694828;22.0;0.013708262432038333;0.05095388766963466;0.09911877614307127;500;10
12.01.2024_y_36.xlsx;2024-01-12;2024;2024-01-12;y;36;36.0;1296.0;8;control_17.11.2025.xlsx;nearest_available_proxy;control_17.11.2025.xlsx;675;;nearest_date_proxy_control;1;0;;0.03387686507781349;15.0;0.00809948830957632;0.020407733027732453;0.051477495073533795;500;10
12.02.2025_e36.xlsx;2025-02-12;2025;2025-02-12;e;36;36.0;1296.0;4;control_17.11.2025.xlsx;nearest_available_proxy;control_17.11.2025.xlsx;278;;nearest_date_proxy_control;1;0;;0.04757279047810989;20.0;0.018419565340268375;0.01398099889590793;0.08778037032125201;500;11
12.02.2025_e40.xlsx;2025-02-12;2025;2025-02-12;e;40;40.0;1600.0;4;control_17.11.2025.xlsx;nearest_available_proxy;control_17.11.2025.xlsx;278;;nearest_date_proxy_control;1;0;;0.09041902951849987;20.0;0.025254518709852687;0.04359120331617075;0.14506965037721875;500;11
14.06.2022_p_36_в_пике.xlsx;2022-06-14;2022;2022-06-14;p_peak;36;36.0;1296.0;7;control_17.11.2025.xlsx;nearest_available_proxy;control_17.11.2025.xlsx;1252;;nearest_date_proxy_control;1;0;;0.02171736634392216;13.0;0.00601313113645784;0.012085748193405271;0.03352889908623826;500;11
16.03.2023_e_36.xlsx;2023-03-16;2023;2023-03-16;e;36;36.0;1296.0;6;control_17.11.2025.xlsx;nearest_available_proxy;control_17.11.2025.xlsx;977;;nearest_date_proxy_control;1;0;;0.13805338654149574;23.0;0.03663783014076554;0.08814867755021097;0.2230704573783426;500;11
16.03.2023_n_22.xlsx;2023-03-16;2023;2023-03-16;n;22;22.0;484.0;6;control_17.11.2025.xlsx;nearest_available_proxy;control_17.11.2025.xlsx;977;;nearest_date_proxy_control;1;0;;0.043624023122625505;14.0;0.0073993469408840445;0.030944994760279506;0.05866154950397761;500;11
16.10.2024_y_36.xlsx;2024-10-16;2024;2024-10-16;y;36;36.0;1296.0;6;control_17.11.2025.xlsx;nearest_available_proxy;control_17.11.2025.xlsx;397;;nearest_date_proxy_control;1;0;;0.07425057287106043;16.0;0.016969255677491524;0.039539464621201975;0.1045502908341895;500;12
17.03.2025_e50.xlsx;2025-03-17;2025;2025-03-17;e;50;50.0;2500.0;7;control_17.11.2025.xlsx;nearest_available_proxy;control_17.11.2025.xlsx;245;;nearest_date_proxy_control;1;0;;0.008378168522831846;16.0;0.0021466240840440683;0.003522903260210044;0.012017296581585369;500;11
18.04.2024_e_36.xlsx;2024-04-18;2024;2024-04-18;e;36;36.0;1296.0;8;control_17.11.2025.xlsx;nearest_available_proxy;control_17.11.2025.xlsx;578;;nearest_date_proxy_control;1;0;;0.09930685708500914;20.0;0.021662011111930925;0.05670532198629168;0.13924706749388543;500;11
19.03.2025_y_40.xlsx;2025-03-19;2025;2025-03-19;y;40;40.0;1600.0;8;control_17.11.2025.xlsx;nearest_available_proxy;control_17.11.2025.xlsx;243;;nearest_date_proxy_control;1;0;;0.034953427591253416;12.0;0.007324900788323486;0.021386185240086498;0.04933261395779565;500;11
19.04.2024_p_36.xlsx;2024-04-19;2024;2024-04-19;p_through;36;36.0;1296.0;6;control_17.11.2025.xlsx;nearest_available_proxy;control_17.11.2025.xlsx;577;;nearest_date_proxy_control;1;0;;0.02957694389559721;19.0;0.007270838724030641;0.013773751814945003;0.04185933602687616;500;11
1_11.04.2016_c_12.xlsx;2016-04-11;2016;2016-04-11;c;12;12.0;144.0;8;control_11.04.2016_c12.xlsx;same_date;control_11.04.2016_c12.xlsx;0;;;1;1;;0.07580895152487524;25.0;0.025999952366885425;0.023650035701712306;0.12739015185939767;500;11
1_12.12.2016_с_12.xlsx;2016-12-12;2016;2016-12-12;c;10;10.0;100.0;8;control_29.09.2016.xlsx;nearest_available_proxy;control_29.09.2016.xlsx;74;;nearest_date_proxy_control;1;0;;0.4635171319936975;18.0;0.051502468038769546;0.3559668171528617;0.5599568355537609;500;10
1_27.03.2017_c_12.xlsx;2017-03-27;2017;2017-03-27;c;12;12.0;144.0;9;control_04.05.2017.xlsx;nearest_available_proxy;control_04.05.2017.xlsx;38;;nearest_date_proxy_control;1;0;;0.3420048501859545;13.0;0.02667452395245367;0.29146082257811257;0.3899944636514308;500;11
2.12.2025_p23_p23_in_peak.xlsx;2025-12-02;2025;2025-12-02;p_peak;23+23;46.0;1058.0;8;control_17.11.2025.xlsx;nearest_available_proxy;control_17.11.2025.xlsx;15;;nearest_date_proxy_control;1;0;;0.011163998035885143;13.0;0.0058091948598420675;0.0016758522921825985;0.02381972851208791;500;10
22.03.2024_y_36.xlsx;2024-03-22;2024;2024-03-22;y;36;36.0;1296.0;8;control_17.11.2025.xlsx;nearest_available_proxy;control_17.11.2025.xlsx;605;;nearest_date_proxy_control;1;0;;0.056661432110281594;14.0;0.014000761462627735;0.03283625332737876;0.08504723849980658;500;11
22.10.2025_p16_p16_p16_in_peak.xlsx;2025-10-22;2025;2025-10-22;p_peak;16+16+16;48.0;768.0;8;control_17.11.2025.xlsx;explicit_date_map;control_17.11.2025.xlsx;26;;;1;1;;0.0064693384541244505;15.0;0.0015227539329496671;0.0036976580124219406;0.009420226056642911;500;10
22.10.2025_p32_in_peak.xlsx;2025-10-22;2025;2025-10-22;p_peak;32;32.0;1024.0;8;control_17.11.2025.xlsx;explicit_date_map;control_17.11.2025.xlsx;26;;;1;1;;0.023257432454816703;14.0;0.007026869320227442;0.01046848990474635;0.037623688622458976;500;11
22.10.2025_p40_in_peak.xlsx;2025-10-22;2025;2025-10-22;p_peak;40;40.0;1600.0;8;control_17.11.2025.xlsx;explicit_date_map;control_17.11.2025.xlsx;26;;;1;1;;0.0072512223429458;15.0;0.002592856507811847;0.00249300158527783;0.012489968283520645;500;10
24.03.2026_n2.36_p18.8_n2.36_p18.8_in_peak.xlsx;2026-03-24;2026;2026-03-24;p_peak;2.36+18.8+2.36+18.8;42.32;718.0192000000001;8;control_24.03.2026.xlsx;same_date;control_24.03.2026.xlsx;0;;;0;0;mixed_radiation_field;;;;;;0;0
24.03.2026_p18.8_n2.36_p18.8_n2.36_in_peak.xlsx;2026-03-24;2026;2026-03-24;p_peak;18.8+2.36+18.8+2.36;42.32;718.0192000000002;8;control_24.03.2026.xlsx;same_date;control_24.03.2026.xlsx;0;;;0;0;mixed_radiation_field;;;;;;0;0
24.12.2015_с_12.xlsx;2015-12-24;2015;2015-12-24;c;12;12.0;144.0;8;control_13.01.2016.xlsx;nearest_available_proxy;control_13.01.2016.xlsx;20;;nearest_date_proxy_control;1;0;;0.1167212082171958;21.0;0.04699575661268721;0.047397205148228067;0.2282307168793039;500;9
27.01.2016_y_28.xlsx;2016-01-27;2016;2016-01-27;y;28;28.0;784.0;8;control_13.01.2016.xlsx;explicit_date_map;control_13.01.2016.xlsx;14;;;1;1;;0.11213473239450829;28.0;0.04394529294499856;0.033543547892697936;0.20687486624512297;500;11
27.01.2016_y_30.xlsx;2016-01-27;2016;2016-01-27;y;30;30.0;900.0;8;control_13.01.2016.xlsx;explicit_date_map;control_13.01.2016.xlsx;14;;;1;1;;0.09314595741331683;20.0;0.03468391642703971;0.04307215616648379;0.17399129489783624;500;11
29.11.2019_c_12.xlsx;2019-11-29;2019;2019-11-29;c;14;14.0;196.0;9;control_16.05.2018.xlsx;nearest_available_proxy;control_16.05.2018.xlsx;562;;nearest_date_proxy_control;1;0;;0.16199485251178133;21.0;0.023798133869498927;0.120033728833403;0.21346659105678742;500;9
2_11.04.2016_с_12.xlsx;2016-04-11;2016;2016-04-11;c;25;25.0;625.0;7;control_11.04.2016_c12.xlsx;same_date;control_11.04.2016_c12.xlsx;0;;;1;1;;0.07334415404337413;25.0;0.021676605000115236;0.03187094996068493;0.11498191854400022;500;11
2_12.12.2016_c_12.xlsx;2016-12-12;2016;2016-12-12;c;12;12.0;144.0;8;control_29.09.2016.xlsx;nearest_available_proxy;control_29.09.2016.xlsx;74;;nearest_date_proxy_control;1;0;;0.23772050602794143;22.0;0.04950248543173788;0.1485200315775673;0.3328683206370342;500;10
2_27.03.2017_с_12.xlsx;2017-03-27;2017;2017-03-27;c;27;27.0;729.0;6;control_04.05.2017.xlsx;nearest_available_proxy;control_04.05.2017.xlsx;38;;nearest_date_proxy_control;1;0;;0.06790520956913049;13.0;0.010724988623846576;0.0438992151184488;0.08453265871704224;500;11
3.12.2025_p23_p23_in_peak.xlsx;2025-12-03;2025;2025-12-03;p_peak;23+23;46.0;1058.0;8;control_17.11.2025.xlsx;nearest_available_proxy;control_17.11.2025.xlsx;16;;nearest_date_proxy_control;1;0;;0.026343015230644407;22.0;0.01167859917489954;0.004558942556407256;0.050966117005258105;500;11
30.03.2022_p_36_прострел.xlsx;2022-03-30;2022;2022-03-30;p_through;36;36.0;1296.0;6;control_17.11.2025.xlsx;nearest_available_proxy;control_17.11.2025.xlsx;1328;;nearest_date_proxy_control;1;0;;0.016637696112744894;13.0;0.0032490858980378165;0.010568074936570946;0.023377191469906584;500;10
p_36_in_peak_02.07.2025.xlsx;2025-07-02;2025;2025-07-02;p_peak;36;36.0;1296.0;8;control_17.11.2025.xlsx;nearest_available_proxy;control_17.11.2025.xlsx;138;;nearest_date_proxy_control;1;0;;0.01374821296422175;16.0;0.004591276609562147;0.005676707483427479;0.024063595135021324;500;11
p_36_in_peak_19.06.2024.xlsx;2024-06-19;2024;2024-06-19;p_peak;36;36.0;1296.0;8;control_17.11.2025.xlsx;nearest_available_proxy;control_17.11.2025.xlsx;516;;nearest_date_proxy_control;1;0;;0.02071627185653975;19.0;0.004727345212314063;0.013313787185663813;0.030725090101238174;500;11
p_36_in_peak_21.10.2024.xlsx;2024-10-21;2024;2024-10-21;p_peak;36;36.0;1296.0;6;control_17.11.2025.xlsx;nearest_available_proxy;control_17.11.2025.xlsx;392;;nearest_date_proxy_control;1;0;;0.007253078287674027;14.0;0.0018363832620213987;0.003954294074649555;0.010700409054870892;500;12
p_40_in_peak_02.07.2025.xlsx;2025-07-02;2025;2025-07-02;p_peak;40;40.0;1600.0;8;control_17.11.2025.xlsx;nearest_available_proxy;control_17.11.2025.xlsx;138;;nearest_date_proxy_control;1;0;;0.025256106196011582;19.0;0.012767115443381515;0.004682688680391171;0.05438726971767815;500;11
skin_reactions_24.03.2026_n2.36_p18.8_n2.36_p18.8_in_peak.xlsx;;unknown;unknown;;;;;0;;;;;;;0;0;skin_endpoint_not_tumor_volume;;;;;;0;0
skin_reactions_24.03.2026_p18.8_n2.36_p18.8_n2.36_in_peak.xlsx;;unknown;unknown;;;;;0;;;;;;;0;0;skin_endpoint_not_tumor_volume;;;;;;0;0
y_36_16.10.2024.xlsx;2024-10-16;2024;2024-10-16;y;36;36.0;1296.0;6;control_17.11.2025.xlsx;nearest_available_proxy;control_17.11.2025.xlsx;397;16.10.2024_y_36.xlsx;nearest_date_proxy_control;0;0;exact_duplicate_file;;;;;;0;0
Новые оцифрованные данные для анализа\02.11.2017_y32.xlsx;2017-11-02;2017;2017-11-02;y;32;32.0;1024.0;8;control_02.11.2017.xlsx;same_date;control_02.11.2017.xlsx;0;;;1;1;;0.013565788868190513;15.0;0.004793180303897565;0.0032426007357104;0.021808621626928513;500;10
Новые оцифрованные данные для анализа\03.05.2018_p32.xlsx;2018-05-03;2018;2018-05-03;p_through;32;32.0;1024.0;8;control_16.05.2018.xlsx;nearest_available_proxy;control_16.05.2018.xlsx;13;;nearest_date_proxy_control;1;0;;0.2593625531978647;14.0;0.03842669675568648;0.18701784487387438;0.3347074792085811;500;10
Новые оцифрованные данные для анализа\03.05.2018_y32.xlsx;2018-05-03;2018;2018-05-03;y;32;32.0;1024.0;7;control_16.05.2018.xlsx;nearest_available_proxy;control_16.05.2018.xlsx;13;Новые оцифрованные данные для анализа\16.05.2018_y32.xlsx;nearest_date_proxy_control;0;0;exact_duplicate_file_user_resolved_date_conflict;;;;;;0;0
Новые оцифрованные данные для анализа\04.02.2022_p36.xlsx;2022-02-04;2022;2022-02-04;p_through;36;36.0;1296.0;8;control_16.05.2018.xlsx;nearest_available_proxy;control_16.05.2018.xlsx;1360;;nearest_date_proxy_control;1;0;;0.02160374677514776;14.0;0.006361492735147837;0.01143088620258183;0.03569674176079264;500;9
Новые оцифрованные данные для анализа\04.05.2017_p32.xlsx;2017-05-04;2017;2017-05-04;p_through;32;32.0;1024.0;6;control_04.05.2017.xlsx;same_date;control_04.05.2017.xlsx;0;;;1;1;;0.0629857660759522;19.0;0.00865475527358958;0.0436281209655386;0.07698393946279582;500;11
Новые оцифрованные данные для анализа\05.12.2018_y32.xlsx;2018-12-05;2018;2018-12-05;y;32;32.0;1024.0;8;control_16.05.2018.xlsx;nearest_available_proxy;control_16.05.2018.xlsx;203;;nearest_date_proxy_control;1;0;;0.04460877228326009;13.0;0.00902090386626692;0.02784474753674434;0.06412135144642472;500;9
Новые оцифрованные данные для анализа\06.03.2020_e30.xlsx;2020-03-06;2020;2020-03-06;e;30;30.0;900.0;6;control_16.05.2018.xlsx;nearest_available_proxy;control_16.05.2018.xlsx;660;;nearest_date_proxy_control;1;0;;0.025059185448768926;12.0;0.007929282859889418;0.008195456046169267;0.03854774018877344;500;9
Новые оцифрованные данные для анализа\06.03.2020_e32.xlsx;2020-03-06;2020;2020-03-06;e;32;32.0;1024.0;6;control_16.05.2018.xlsx;nearest_available_proxy;control_16.05.2018.xlsx;660;;nearest_date_proxy_control;1;0;;0.009931281780501285;12.0;0.003894388629570896;0.0025124509636479404;0.017459100669553175;500;9
Новые оцифрованные данные для анализа\08.07.2020_e32.xlsx;2020-07-08;2020;2020-07-08;e;32;32.0;1024.0;8;control_16.05.2018.xlsx;nearest_available_proxy;control_16.05.2018.xlsx;784;;nearest_date_proxy_control;1;0;;0.004639110235701587;16.0;0.0014690475215478817;0.0018836660872283838;0.007492147068721875;500;11
Новые оцифрованные данные для анализа\12.02.2021_e32.xlsx;2021-02-12;2021;2021-02-12;e;32;32.0;1024.0;6;control_16.05.2018.xlsx;nearest_available_proxy;control_16.05.2018.xlsx;1003;;nearest_date_proxy_control;1;0;;0.02035066009397106;13.0;0.006360267948057047;0.008540822251801312;0.03230848675999858;500;9
Новые оцифрованные данные для анализа\12.02.2021_y32.xlsx;2021-02-12;2021;2021-02-12;y;32;32.0;1024.0;6;control_16.05.2018.xlsx;nearest_available_proxy;control_16.05.2018.xlsx;1003;;nearest_date_proxy_control;1;0;;0.11166451222688582;16.0;0.03527432487619348;0.04138029061222445;0.17622738605309426;500;9
Новые оцифрованные данные для анализа\12.11.2021_p32.xlsx;2021-11-12;2021;2021-11-12;p_through;32;32.0;1024.0;6;control_16.05.2018.xlsx;nearest_available_proxy;control_16.05.2018.xlsx;1276;;nearest_date_proxy_control;1;0;;0.08093262433105866;13.0;0.015439091467571022;0.05154954781047696;0.1129116563413989;500;10
Новые оцифрованные данные для анализа\12.11.2021_p7.3_p7.3_p7.3_p7.3_p7.3_p7.3.xlsx;2021-11-12;2021;2021-11-12;p_through;7.3+7.3+7.3+7.3+7.3+7.3;43.8;319.74;7;control_16.05.2018.xlsx;nearest_available_proxy;control_16.05.2018.xlsx;1276;;nearest_date_proxy_control;1;0;;0.08657324987754013;11.0;0.01119630719866904;0.06226023736028779;0.10772092926797855;500;9
Новые оцифрованные данные для анализа\12.12.2016_y36.xlsx;2016-12-12;2016;2016-12-12;y;36;36.0;1296.0;8;control_29.09.2016.xlsx;nearest_available_proxy;control_29.09.2016.xlsx;74;;nearest_date_proxy_control;1;0;;0.01412158175230965;14.0;0.011026175876546406;0.0022107794869354303;0.04064085968757571;500;10
Новые оцифрованные данные для анализа\14.02.2018_p36.xlsx;2018-02-14;2018;2018-02-14;p_through;36;36.0;1296.0;8;control_14.02.2018.xlsx;same_date;control_14.02.2018.xlsx;0;;;1;1;;0.007345063184817679;16.0;0.0030618782083637634;0.0017697901344352505;0.013975258380510428;500;11
Новые оцифрованные данные для анализа\14.02.2018_y36.xlsx;2018-02-14;2018;2018-02-14;y;36;36.0;1296.0;6;control_14.02.2018.xlsx;same_date;control_14.02.2018.xlsx;0;;;1;1;;0.025385890057469752;13.0;0.006943480673164506;0.014403006518737759;0.04153130548534395;500;10
Новые оцифрованные данные для анализа\14.02.2018_y40.xlsx;2018-02-14;2018;2018-02-14;y;40;40.0;1600.0;6;control_14.02.2018.xlsx;same_date;control_14.02.2018.xlsx;0;;;1;1;;0.01217412338890729;15.0;0.003643729885326356;0.006263540583966968;0.02074905583050201;500;10
Новые оцифрованные данные для анализа\15.02.2017_p29.xlsx;2017-02-15;2017;2017-02-15;p_through;29;29.0;841.0;6;control_04.05.2017.xlsx;nearest_available_proxy;control_04.05.2017.xlsx;78;;nearest_date_proxy_control;1;0;;0.07105570195901399;12.0;0.011204587310969677;0.050653972551628464;0.09090698327810863;500;10
Новые оцифрованные данные для анализа\15.02.2017_p32,5.xlsx;2017-02-15;2017;2017-02-15;p_through;32.5;32.5;1056.25;6;control_04.05.2017.xlsx;nearest_available_proxy;control_04.05.2017.xlsx;78;;nearest_date_proxy_control;1;0;;0.03748658877356357;22.0;0.008110106711243903;0.020066322533505924;0.0494029182933395;500;10
Новые оцифрованные данные для анализа\15.02.2017_y32.xlsx;2017-02-15;2017;2017-02-15;y;32;32.0;1024.0;8;control_04.05.2017.xlsx;nearest_available_proxy;control_04.05.2017.xlsx;78;;nearest_date_proxy_control;1;0;;0.036764233592153014;14.0;0.004635231009842924;0.027589855875373024;0.04538763923206093;500;10
Новые оцифрованные данные для анализа\15.02.2017_y36.xlsx;2017-02-15;2017;2017-02-15;y;36;36.0;1296.0;8;control_04.05.2017.xlsx;nearest_available_proxy;control_04.05.2017.xlsx;78;;nearest_date_proxy_control;1;0;;0.023352748034593872;14.0;0.003139359299186509;0.015734807704130303;0.02779843310298964;500;10
Новые оцифрованные данные для анализа\15.10.2019_e32.xlsx;2019-10-15;2019;2019-10-15;e;32;32.0;1024.0;8;control_16.05.2018.xlsx;nearest_available_proxy;control_16.05.2018.xlsx;517;;nearest_date_proxy_control;1;0;;0.03804294969665145;15.0;0.008893772872911243;0.01927751245195949;0.05441537460353581;500;10
Новые оцифрованные данные для анализа\16.03.2023_e47.xlsx;2023-03-16;2023;2023-03-16;e;47;47.0;2209.0;6;control_17.11.2025.xlsx;nearest_available_proxy;control_17.11.2025.xlsx;977;;nearest_date_proxy_control;1;0;;0.07704966051542435;21.0;0.017394740512948544;0.04966698834725576;0.11317104806815818;500;11
Новые оцифрованные данные для анализа\16.05.2018_y32.xlsx;2018-05-16;2018;2018-05-16;y;32;32.0;1024.0;7;control_16.05.2018.xlsx;same_date;control_16.05.2018.xlsx;0;;user_selected_from_duplicate_date_conflict;1;1;;0.012733750780692258;13.0;0.005069435912648001;0.0030369300059231523;0.022743481916813184;500;9
Новые оцифрованные данные для анализа\17.05.2018_e32.xlsx;2018-05-17;2018;2018-05-17;e;32;32.0;1024.0;8;control_16.05.2018.xlsx;nearest_available_proxy;control_16.05.2018.xlsx;1;;nearest_date_proxy_control;1;0;;0.052718488327833816;14.0;0.019247414041195787;0.012246265199625085;0.08564246758850204;500;9
Новые оцифрованные данные для анализа\19.03.2025_e40.xlsx;2025-03-19;2025;2025-03-19;e;40;40.0;1600.0;8;control_17.11.2025.xlsx;nearest_available_proxy;control_17.11.2025.xlsx;243;;nearest_date_proxy_control;1;0;;0.036464052283601625;12.0;0.007334091145523007;0.02228346688683029;0.050780541479187;500;11
Новые оцифрованные данные для анализа\19.10.2021_p32.xlsx;2021-10-19;2021;2021-10-19;p_through;32;32.0;1024.0;7;control_16.05.2018.xlsx;nearest_available_proxy;control_16.05.2018.xlsx;1252;;nearest_date_proxy_control;1;0;;0.16220862642251585;15.0;0.022767667399311558;0.1154833692485206;0.2031714846405112;500;8
Новые оцифрованные данные для анализа\1_02.11.2017_p32.xlsx;2017-11-02;2017;2017-11-02;p_through;32;32.0;1024.0;6;control_02.11.2017.xlsx;same_date;control_02.11.2017.xlsx;0;;;1;1;;0.05454521541127041;25.0;0.013391124507854315;0.0295965432235426;0.07928407554124635;500;10
Новые оцифрованные данные для анализа\1_04.05.2017_p36.xlsx;2017-05-04;2017;2017-05-04;p_through;36;36.0;1296.0;6;control_04.05.2017.xlsx;same_date;control_04.05.2017.xlsx;0;;;1;1;;0.016679790675059616;17.0;0.005556707675249854;0.006803936922838288;0.027180376954603833;500;11
Новые оцифрованные данные для анализа\1_14.06.2022_p36_in_peak.xlsx;2022-06-14;2022;2022-06-14;p_peak;36;36.0;1296.0;7;control_17.11.2025.xlsx;nearest_available_proxy;control_17.11.2025.xlsx;1252;;nearest_date_proxy_control;1;0;;0.02171736634392216;13.0;0.0056782917732441825;0.012264326389602384;0.03408168136871486;500;11
Новые оцифрованные данные для анализа\20.03.2020_e32.xlsx;2020-03-20;2020;2020-03-20;e;32;32.0;1024.0;8;control_16.05.2018.xlsx;nearest_available_proxy;control_16.05.2018.xlsx;674;;nearest_date_proxy_control;1;0;;0.015685651923702474;20.0;0.0047792914776779724;0.0070374954965102;0.025786751726426593;500;7
Новые оцифрованные данные для анализа\20.03.2020_e36.xlsx;2020-03-20;2020;2020-03-20;e;36;36.0;1296.0;8;control_16.05.2018.xlsx;nearest_available_proxy;control_16.05.2018.xlsx;674;;nearest_date_proxy_control;1;0;;0.00432027510052;21.0;0.002049579588052871;0.0006751722648143224;0.008327636875110704;500;7
Новые оцифрованные данные для анализа\20.06.2022_e36.xlsx;2022-06-20;2022;2022-06-20;e;36;36.0;1296.0;4;control_17.11.2025.xlsx;nearest_available_proxy;control_17.11.2025.xlsx;1246;;nearest_date_proxy_control;1;0;;0.0010201922576415475;25.0;0.0019902707124697084;0.0005964378882069353;0.009103382362239948;500;11
Новые оцифрованные данные для анализа\23.03.2023_e36.xlsx;2023-03-23;2023;2023-03-23;e;36;36.0;1296.0;6;control_17.11.2025.xlsx;nearest_available_proxy;control_17.11.2025.xlsx;970;;nearest_date_proxy_control;1;0;;0.21007931542828337;25.0;0.046913554511153595;0.13727385210490758;0.30782853239073465;500;11
Новые оцифрованные данные для анализа\23.03.2023_e47.xlsx;2023-03-23;2023;2023-03-23;e;47;47.0;2209.0;6;control_17.11.2025.xlsx;nearest_available_proxy;control_17.11.2025.xlsx;970;;nearest_date_proxy_control;1;0;;0.09636266024662157;22.0;0.023629437199550796;0.06169088238227935;0.14723337851320684;500;10
Новые оцифрованные данные для анализа\23.05.2019_p32.xlsx;2019-05-23;2019;2019-05-23;p_through;32;32.0;1024.0;8;control_16.05.2018.xlsx;nearest_available_proxy;control_16.05.2018.xlsx;372;;nearest_date_proxy_control;1;0;;0.05130267167423202;14.0;0.016157814965952783;0.01908367566781626;0.0811007965127463;500;9
Новые оцифрованные данные для анализа\23.06.2022_e36.xlsx;2022-06-23;2022;2022-06-23;e;36;36.0;1296.0;4;control_17.11.2025.xlsx;nearest_available_proxy;control_17.11.2025.xlsx;1243;;nearest_date_proxy_control;1;0;;0.0013107252701438142;25.0;0.0009024673548600484;0.00034735357926422714;0.003916750411605887;500;12
Новые оцифрованные данные для анализа\25.05.2016_y32.xlsx;2016-05-25;2016;2016-05-25;y;32;32.0;1024.0;8;control_08.06.2016.xlsx;nearest_available_proxy;control_08.06.2016.xlsx;14;;nearest_date_proxy_control;1;0;;0.07866950087171842;14.0;0.012540360494553014;0.054086216858780845;0.10153391457404773;500;10
Новые оцифрованные данные для анализа\25.05.2026_p25.1_p25.1_in_peak.xlsx;2026-05-25;2026;2026-05-25;p_peak;25.1+25.1;50.2;1260.0200000000002;8;control_25.05.2026.xlsx;same_date;control_25.05.2026.xlsx;0;;;1;1;;0.00601408158218598;19.0;0.002227495437116183;0.0022175974361029736;0.010693692539211421;500;9
Новые оцифрованные данные для анализа\25.05.2026_p38_in_peak.xlsx;2026-05-25;2026;2026-05-25;p_peak;38;38.0;1444.0;8;control_25.05.2026.xlsx;same_date;control_25.05.2026.xlsx;0;;;1;1;;0.015423923532151334;15.0;0.005158319723122067;0.006433154400567332;0.02645733592343652;500;10
Новые оцифрованные данные для анализа\25.06.2022_e36.xlsx;2022-06-25;2022;2022-06-25;e;36;36.0;1296.0;5;control_17.11.2025.xlsx;nearest_available_proxy;control_17.11.2025.xlsx;1241;;nearest_date_proxy_control;1;0;;0.0008290674259228769;24.0;0.001773009345351885;0.00023769339414558404;0.0075152996251463865;500;11
Новые оцифрованные данные для анализа\2_02.11.2017_p32.xlsx;2017-11-02;2017;2017-11-02;p_through;32;32.0;1024.0;8;control_02.11.2017.xlsx;same_date;control_02.11.2017.xlsx;0;;;1;1;;0.07221186554327882;18.0;0.010041344278029269;0.05478489818385085;0.09274103022877105;500;10
Новые оцифрованные данные для анализа\2_04.05.2017_y36.xlsx;2017-05-04;2017;2017-05-04;y;36;36.0;1296.0;6;control_04.05.2017.xlsx;same_date;control_04.05.2017.xlsx;0;;;1;1;;0.1382973839857593;24.0;0.05153325418856176;0.05055974397167367;0.24318646154618137;500;11
Новые оцифрованные данные для анализа\2_14.06.2022_p36_in_peak.xlsx;2022-06-14;2022;2022-06-14;p_peak;36;36.0;1296.0;4;control_17.11.2025.xlsx;nearest_available_proxy;control_17.11.2025.xlsx;1252;;nearest_date_proxy_control;1;0;;0.025834942301260357;18.0;0.004917154335738126;0.018275511969697334;0.03617475418962319;500;11
Новые оцифрованные данные для анализа\30.03.2022_p36.xlsx;2022-03-30;2022;2022-03-30;p_through;36;36.0;1296.0;8;control_17.11.2025.xlsx;nearest_available_proxy;control_17.11.2025.xlsx;1328;;nearest_date_proxy_control;1;0;;0.031813798832617486;24.0;0.01154142769338605;0.013021135215431063;0.050426900862870924;500;10
Новые оцифрованные данные для анализа\3_29.09.2016_y32.xlsx;2016-09-29;2016;2016-09-29;y;32;32.0;1024.0;8;control_29.09.2016.xlsx;same_date;control_29.09.2016.xlsx;0;;;1;1;;0.06796377282213321;14.0;0.009959335665062395;0.048644939972649494;0.08612635489960122;500;11
